text,created_at,geo,lang,place,coordinates,user.favourites_count,user.statuses_count,user.description,user.location,user.id,user.created_at,user.verified,user.following,user.url,user.listed_count,user.followers_count,user.default_profile_image,user.utc_offset,user.friends_count,user.default_profile,user.name,user.lang,user.screen_name,user.geo_enabled,user.profile_background_color,user.profile_image_url,user.time_zone,id,favorite_count,retweeted,source,favorited,retweet_count
Heading off #skiing or #snowboarding this season? Here's an overview of what you should consider when taking out… https://t.co/l6KQ5hdw0H,2018-01-16 15:13:23,,en,,,839,4971,"Endsleigh, the only insurance provider recommended by NUS, provides affordable cover for students throughout university and beyond. We’re here 9-5, Mon to Fri.",,33463053,2009-04-20 08:38:38,True,False,http://www.endsleigh.co.uk,61,4351,False,3600,1300,False,Endsleigh,en,Endsleigh,False,C0DEED,http://pbs.twimg.com/profile_images/917364800711200768/ItuNKbd-_normal.jpg,Amsterdam,953284050298527745,0,False,Twitter Web Client,False,0
Way to ROCK IT Ladies!  @UConnWBB https://t.co/jYB0e98FB9,2018-01-16 15:13:23,,en,,,1270,5583,"Social Media Expert, LinkedIn Specialist, Sports Fanatic, Cities & Small towns, Rotary, Cats & Dogs, Law of Attraction, Bashar","Las Vegas, NV",39878070,2009-05-14 00:14:00,False,False,http://www.pimedia.me,81,3185,False,-28800,589,False,"Debbie Harris, MA",en,DebbieLHarris,True,C0DEED,http://pbs.twimg.com/profile_images/738072173307265024/px1CgtF9_normal.jpg,Pacific Time (US & Canada),953284051028213760,0,False,Twitter Web Client,False,0
These assets are seeing a jump in tweets #ArtificialIntelligence #Machinelearning $ETH $Nikkei $SENSEX… https://t.co/hhI3vkNcNU,2018-01-16 15:13:23,,en,,,435,209869,"Financial #bigdata crowd-sourced, crowd-curated real-time news from 200+ news publications and from Twitter for FREE",London,3170121190,2015-04-15 13:32:42,False,False,http://www.cityfalcon.com,598,1154,False,0,841,True,FinBuzz,en-gb,PortfolioBuzz,False,C0DEED,http://pbs.twimg.com/profile_images/899606375705309184/sXlLwvtq_normal.jpg,Dublin,953284050021732352,0,False,Twitter tweets 111,False,0
NEW ALBUM: DAVE EAST ‘PARANOIA 2’ – TrendsetterNY https://t.co/hl1Tehkouj,2018-01-16 15:13:24,,en,,,22,28515,"STREETWEAR SHOPPE WE CARRY 10 DEEP, EMBELLISH NYC DENIM, + MORE. 128 A. Main St. Nyack, NY. 10960",TrendsetterNY ,203570081,2010-10-16 15:44:16,False,False,http://WWW.TRENDSETTERNY.COM,25,475,False,-18000,276,False,TRENDSETTERNY,en,TRENDSETTERNY,False,1A1B1F,http://pbs.twimg.com/profile_images/3578083319/0da8080324ff0e62a6142ad2f23834da_normal.jpeg,Eastern Time (US & Canada),953284055310647296,0,False,Facebook,False,0
@NameFieldmt @csamudhan #kbye https://t.co/NDsaIE49AW,2018-01-16 15:13:25,,und,,,3162,11847,Loves cricket and badminton. Twitter addict. Not what you would expect.,chennai,413205394,2011-11-15 16:14:09,False,False,,2,355,False,-36000,569,False,Harini Venkataraman,en,ImVHarini,True,ACDED6,http://pbs.twimg.com/profile_images/947295249990270976/tk0KsBId_normal.jpg,Hawaii,953284059219705856,0,False,Twitter for Android,False,0
Stick War: Legacy 1.6.06 cheat - Unlimited Gems https://t.co/85ftAG3EWW https://t.co/B6doOyMESI,2018-01-16 15:13:25,,en,,,0,550,"Play your android games easier with eazycheat - get unlimited money, coins, gems, golds, all item unlocked and owned instantly!",,1213168921,2013-02-23 18:29:19,False,False,http://www.eazycheat.com/,2,245,False,0,33,False,Eazy Cheat,en,EazyCheat,False,000000,http://pbs.twimg.com/profile_images/926125040550084608/v0R9vtuE_normal.jpg,UTC,953284058452144128,0,False,Twitter Web Client,False,0
Hilarious! #postcards https://t.co/2ISHEN8Txa,2018-01-16 15:13:25,,en,,,8894,48475,International bestselling author. Editor. Culture junkie & foodie. Traveler & wino. Next up: THE PHANTOM'S APPRENTICE 2/6/18. My muscle: @michellebrower,New England,122668948,2010-03-13 13:40:56,False,False,http://www.HeatherWebb.net,630,10794,False,-18000,7889,False,Heather Webb,en,msheatherwebb,False,07090B,http://pbs.twimg.com/profile_images/947463276375486465/7yLHeRaN_normal.jpg,Eastern Time (US & Canada),953284058771087360,0,False,Twitter Web Client,False,0
@SporTV - 1,2018-01-16 15:13:25,,und,,,2145,2919,,,922234118586462209,2017-10-22 22:52:02,False,False,,1,40,False,,843,True,CarlosRN,pt,Carlos90909090,False,F5F8FA,http://pbs.twimg.com/profile_images/950111894009974784/rtE8LCNj_normal.jpg,,953284059517644802,0,False,Twitter for Android,False,0
wtf https://t.co/2d0JxNQ1gL,2018-01-16 15:13:25,,und,,,49869,211689,I have the power of God and Anime on my side.,"Gotham City, NJ",34349708,2009-04-22 18:18:32,False,False,https://maiorpordentro.tumblr.com/,112,2114,False,-10800,4736,False,cardcaptor morgana,pt,morganarosana,False,022330,http://pbs.twimg.com/profile_images/950050128857100289/xj-gRzeI_normal.jpg,Santiago,953284058951319555,0,False,Twitter Web Client,False,0
"Mazing, Christmast, party, event, ( part3), ABI 1 (Samiki), 2017: https://t.co/kaY2aFWYmG via @YouTube",2018-01-16 15:13:25,,et,,,0,473,,,929650623573721088,2017-11-12 10:02:35,False,False,,0,2,False,,73,True,KhmerDaily,en,khmerdaily623,False,F5F8FA,http://pbs.twimg.com/profile_images/929651384542142464/1v1GP5hY_normal.jpg,,953284059349897217,0,False,Google,False,0
https://t.co/hqSWBhHCsJ,2018-01-16 15:14:49,,und,,,22,2769,,,3162735673,2015-04-18 15:19:23,False,False,,9,3335,False,-28800,108,True,anuty,en,Babu72Tamilo,False,C0DEED,http://pbs.twimg.com/profile_images/896451571021737984/y4K21uVq_normal.jpg,Pacific Time (US & Canada),953284411352670208,0,False,Twitter for Android,False,0
https://t.co/eD9AcBCNjO,2018-01-16 15:14:50,,und,,,7070,5987,comics. merch at http://theAwkwardStore.com,Detroit-ish,21966695,2009-02-26 03:51:50,False,False,http://theawkwardyeti.com,691,61578,False,-18000,326,False,the Awkward Yeti,en,theawkwardyeti,True,0A0A0B,http://pbs.twimg.com/profile_images/378800000503283158/049f662df95bd352798dcede978cf98c_normal.png,Eastern Time (US & Canada),953284414221488130,0,False,Twitter Web Client,False,0
Stock Market Update: Stocks On Track For Higher Open Following MLK Day Weekend [0.14]: https://t.co/W2PCqV9kBt,2018-01-16 15:14:50,,en,,,0,58943,http://StckMrktNws.com is a #stock #market news #sentiment summarizer developed by @Talaikis.,,730103955661918209,2016-05-10 18:35:22,False,False,http://stckmrktnws.com/,3,86,False,,11,True,StckMrktNws,en,StckMrktNws,False,F5F8FA,http://pbs.twimg.com/profile_images/730104458332540928/U6E_QTnU_normal.jpg,,953284416008261639,0,False,StckMrktNws.com,False,0
Come check it out! Senior class during fifth hour :) #lfleads https://t.co/sRn16a9ALI,2018-01-16 15:14:50,,en,,,2,44,Lake Fenton High School's student newspaper,,892397392015892484,2017-08-01 14:51:33,False,False,,0,43,False,,130,False,The Chain,en,lakefentonchain,False,000000,http://pbs.twimg.com/profile_images/921434207615967233/yuOPp0xX_normal.jpg,,953284415488167936,0,False,Twitter for iPhone,False,0
sex mom toupe https://t.co/B9WVbH8D4f,2018-01-16 15:14:51,,ht,,,0,4185,,"Kiel, Germany",246251255,2011-02-02 12:56:19,False,False,,0,36,False,,8,True,Catherine Gonzalez,de,Manouche_b,False,C0DEED,http://pbs.twimg.com/profile_images/949174267329040384/WkGbJf4l_normal.jpg,,953284420282314761,0,False,Twitter Web Client,False,0
Hi busy study ke tu gais @afiqahzhar @secretwhispere @aenramlan https://t.co/4SKV12kDGL,2018-01-16 15:14:50,,en,,,6718,57470,.,,59750858,2009-07-24 10:54:45,False,False,,10,624,False,28800,671,False,A,en,AyinAzirinee,True,1A0311,http://pbs.twimg.com/profile_images/927155679759974400/QyXGwGnW_normal.jpg,Kuala Lumpur,953284416180183040,0,False,Twitter for Android,False,0
"@ammamoralex check more logo designs.. DM US 

#webdeveloper #innovate #mobileapp #webdev #html5 #programmers… https://t.co/6hYdpepbPO",2018-01-16 15:14:50,,en,,,8627,33565,"LogoWhirl deals in all Custom #logo #gfx #illustration #website #websitedesign #animation #seo , Message Us Today!  Email :care@logowhirl.com Phone :18324263712",,942340093,2012-11-11 22:06:42,False,False,http://www.logowhirl.com,224,2051,False,18000,4949,False,Logowhirl,en,Logowhirl,True,C0DEED,http://pbs.twimg.com/profile_images/738054857714716673/Kul_RbJL_normal.jpg,Islamabad,953284414867419136,0,False,Twitter Web Client,False,0
... Dan beberapa ayam yang tidak terfoto https://t.co/ZZAbHEmD6N,2018-01-16 15:14:51,,in,,,534,55797,"Part-time Writer, full-time Engineer. #LoveRebound. Instagram: satriaoo. For business: newsatriaoo@gmail.com. http://satria-ramadhan.com.",Camp Nou stadium,161189453,2010-06-30 06:06:21,False,False,http://www.youtube.com/satriaoo28,85,33727,False,-28800,546,False,Satria.,en,satriaoo,True,1A1B1F,http://pbs.twimg.com/profile_images/820675017658679296/722-NYq6_normal.jpg,Pacific Time (US & Canada),953284420311527426,0,False,Twitter for Android,False,0
@vipdeks  https://t.co/H64FsEgCXT,2018-01-16 15:14:51,,und,,,20966,7853,twit attigim yere hosgeldin,,887200943154057216,2017-07-18 06:42:43,False,False,,4,462,False,,390,True,Enes,tr,enesduric10,False,F5F8FA,http://pbs.twimg.com/profile_images/952298055927238656/7gKYtIkS_normal.jpg,,953284419464331264,0,False,Twitter for Android,False,0
Tinggal kereta yg ini yg masih kosong untuk tgl 28 balik dr Jogja https://t.co/zXq3gNMo7T,2018-01-16 15:14:51,,in,,,6122,30157,pengen punya bf yg  bisa memberikan nilai nilai positif kehidupan # terus bermimpi karena ada sesuatu  dalam impian itu [] Menerima jasa Foto [],srengseng/kebun jeruk/ jakbar,1259273270,2013-03-11 11:49:35,False,False,,2,4919,False,,645,False,renone,id,agayren,True,352726,http://pbs.twimg.com/profile_images/943876116531392513/2M5OtABw_normal.jpg,,953284418969325568,0,False,Twitter for Android,False,0
The 2-hour Engagement That Will Have You Crying https://t.co/lNroWfT0G7 https://t.co/yOmG9WWA1C,2018-01-16 15:14:52,,en,,,0,2796,Your Source For All That Shines,,808756981859131393,2016-12-13 19:34:25,False,False,http://jewelryfinder.info/,1,30,False,,39,True,Jewelry Finder,en,JewelryFinder4U,False,F5F8FA,http://pbs.twimg.com/profile_images/808761445798191111/Wlq1KyBG_normal.jpg,,953284422933078016,0,False,WordPress.com,False,0
#PS4share https://t.co/AdMatYtfHr,2018-01-16 15:14:52,,und,,,0,2,,,953278065832013825,2018-01-16 14:49:36,False,False,,0,0,False,-28800,0,True,Dameion Khaiser,en,DameionKhaiser,False,F5F8FA,http://abs.twimg.com/sticky/default_profile_images/default_profile_normal.png,Pacific Time (US & Canada),953284421947482112,0,False,PlayStation(R)4,False,0
The Life and Death of the #PlayStation Vita! - Retrospective Review #copyrightlaw #PSNstore #RPG...… https://t.co/u0ostQwv6J,2018-01-16 15:14:53,,en,,,0,36549,The most trending gadget news as collected by Trendolizer,,2991774635,2015-01-22 10:11:27,False,False,http://gadgets.trendolizer.com,295,581,False,,249,True,Trending Gadget News,en,Gadgetolizer,False,C0DEED,http://pbs.twimg.com/profile_images/558205571220779008/rsB4JqwX_normal.jpeg,,953284427844644866,0,False,Lead Stories Feed Publisher,False,0
"Recipes For Our Friends Who Brunch

https://t.co/4zLK5jzWTA https://t.co/TGUMYAwlPm",2018-01-16 15:14:54,,en,,,45,8006,"From NYC to Zurich to LA loving art, food and travel along the way.","Los Angeles, CA",1471292310,2013-05-31 04:27:29,False,False,http://www.galavante.com,142,5858,False,-28800,6242,True,GalavanteContributor,en,helenegalavante,False,C0DEED,http://pbs.twimg.com/profile_images/3742563076/4b43f5e78129edcac568d3af14c5878a_normal.jpeg,Pacific Time (US & Canada),953284431430717441,0,False,SocialOomph,False,0
https://t.co/TyCBlaGExC,2018-01-16 15:14:55,,und,,,4,1878,,,723164382692139009,2016-04-21 14:59:59,False,False,,0,3,False,,4,True,kaz,en,kazu50505,False,F5F8FA,http://abs.twimg.com/sticky/default_profile_images/default_profile_normal.png,,953284436417699840,0,False,Twitter for iPhone,False,0
"""Non ti dimenticheremo mai, ragazza irlandese"". Il nostro omaggio a #Dolores O'Riordan, la voce indimenticabile dei… https://t.co/ijdCb9VIOx",2018-01-16 15:14:56,,it,,,13402,39858,,Italy,76913673,2009-09-24 11:09:31,True,False,http://www.rollingstone.it,764,130094,False,3600,222,False,Rolling Stone Italia,it,RollingStoneita,True,FFFFFF,http://pbs.twimg.com/profile_images/732147851887837184/KkAhVSD2_normal.jpg,Rome,953284439525732355,0,False,TweetDeck,False,0
@Kazito__ I bet you 5 etherium,2018-01-16 15:14:56,,en,,,2831,4204,Satanist • Future Astrophysicist • Outer Space Potato Man • http://Twitch.tv/10dollarbagel • Not a Rapper •,"The Bronx , NY",1350146995,2013-04-13 20:17:46,False,False,,2,167,False,-14400,639,True,Lil Depressed Kid,en,DatKid_Nick,True,C0DEED,http://pbs.twimg.com/profile_images/945428763457843200/b6rg8cSf_normal.jpg,Atlantic Time (Canada),953284441207721987,0,False,Twitter for iPhone,False,0
amateur teen having sex in store porn seduction videos https://t.co/nE06UF6jMH,2018-01-16 15:14:56,,en,,,19,7164,,,2496121809,2014-04-20 02:04:08,False,False,,0,44,False,,16,True,Gillian Henderson,en,dossemily17,False,C0DEED,http://pbs.twimg.com/profile_images/949174998685462528/gir1_99f_normal.jpg,,953284441295564805,0,False,Twitter Web Client,False,0
@rutger_  https://t.co/dQ8qSmUaC8,2018-01-16 15:14:57,,und,,,20,83,My level of Sarcasm has got to the point where I don't even know if I'm kidding or not,"Noord-Brabant, Nederland",2276893997,2014-01-12 13:48:50,False,False,,2,49,False,,13,True,Frank Wijnands,nl,Mr_FrankW,False,C0DEED,http://pbs.twimg.com/profile_images/922225653457485825/bW-5zUkr_normal.jpg,,953284444634472448,0,False,Twitter for iPhone,False,0
Undressing is my favorite https://t.co/ZxYEZmmr1y,2018-01-16 15:14:57,,en,,,143,65,Gamer/Travel. Come to me http://go4to.info/comeonitsfunnyurUo,"Corvallis, OR",3087208254,2015-03-15 23:25:31,False,False,,0,25,False,,312,True,Kristen Brickman,en,comeonitsfunny,False,C0DEED,http://pbs.twimg.com/profile_images/953284085903953921/32TsNU2q_normal.jpg,,953284444626079745,0,False,Twitter Web Client,False,0
@Education4Libs A Night at the shithole https://t.co/rR5LSPqefT,2018-01-16 15:14:57,,en,,,205,511,The art in replying with a gift is really a gif... wait... I think I messed that up,Where there's liberal tears,901964155384627200,2017-08-28 00:26:27,False,False,,1,24,False,,86,True,Liberal Tear Drinker,en,YumLeftistTears,False,F5F8FA,http://pbs.twimg.com/profile_images/901970090672967681/0a8657oW_normal.jpg,,953284444999307264,0,False,Twitter for iPhone,False,0
Look at all the different ways kinder can use a hula hoop @GGEseagulls @ccpsDRIVE2BFIT #physed https://t.co/kDVlXH24Ni,2018-01-16 15:14:58,,en,,,263,297,Promoting healthy lifestyles at Golden Gate Elementary,"Naples, FL",4794913255,2016-01-21 20:34:32,False,False,,0,98,False,,70,True,PE & Wellness at GGE,en,HealthySeagulls,True,F5F8FA,http://pbs.twimg.com/profile_images/890043506093432832/ep_zAii9_normal.jpg,,953284448073797632,0,False,Twitter for iPhone,False,0
@TheMossadIL  https://t.co/CwtUJCPZw8,2018-01-16 15:14:58,,und,,,10204,500,,"Tel Aviv, Israel",2194914168,2013-11-14 21:49:03,False,False,,0,70,False,,567,False,Jonathan Rosin,he,JonathanRozin,True,000000,http://pbs.twimg.com/profile_images/630121429816602624/HhHjIevx_normal.jpg,,953284448589680640,0,False,Twitter Web Client,False,0
King needs to ride that wagon to golden state lolol https://t.co/Tg0DhnrQ1F,2018-01-16 15:14:58,,en,,,8076,54628,La Cosa Nostra @maaaandyxoxo,DM[V],472423038,2012-01-23 22:56:39,False,False,,2,442,False,-14400,248,False,Brandon,en,B_Cavaliere,True,C0DEED,http://pbs.twimg.com/profile_images/829694571986694144/hY2colc3_normal.jpg,Atlantic Time (Canada),953284449189400577,0,False,Twitter for iPhone,False,0
Accents - Wiggle Wiggle https://t.co/5BtZn1YqtN #livingsexy #nowplaying https://t.co/64ah4N1Vwa,2018-01-16 15:14:59,,en,,,1450,215054,Living Sexy™ is a 24/7 online radio station streaming the sexiest music on the planet and the Connections radio show 5 nights a week (10p-12a)!,"Worldwide, Global",2349431510,2014-02-18 02:51:08,False,False,http://LivingSexyRadio.com,52,10663,False,-18000,1284,False,Living Sexy Radio™ þ,en,livingsexyradio,True,6A6A6A,http://pbs.twimg.com/profile_images/913397782756675585/xGnQfyvT_normal.jpg,Eastern Time (US & Canada),953284452767150080,0,False,Radiologik DJ,False,0
So wait. Working 9-5 is now akin to slavery?,2018-01-16 15:15:00,,en,,,566,18615,Classic... I’m Better Than I’ve Ever Been.,,869963124979507201,2017-05-31 17:05:46,False,False,,0,163,False,,68,True,Brown Sugar,en,Styx275,False,F5F8FA,http://pbs.twimg.com/profile_images/909000571067170816/UOtDxLJ2_normal.jpg,,953284458198773760,0,False,Twitter for iPhone,False,0
Artist @CKBURMAN Creates Vibrant Series With The Help of UK Print Specialists @genesisimaging And Gold #Dibond ACM… https://t.co/ZkyujyuTCy,2018-01-16 15:15:00,,en,,,2218,5031,"The Trusted Brand Leaders in Rigid Graphics Display Boards. Brands: Fome-Cor®, FiberMate™, Sintra®, Gatorfoam®, Smart-X® and Dibond®","Statesville, NC",208548376,2010-10-27 13:43:31,False,False,http://www.graphicdisplayusa.com/,81,1831,False,-18000,1689,False,Graphic Display,en,3ACompositesUSA,False,F5F3E8,http://pbs.twimg.com/profile_images/540219504416931840/QVD_w9k-_normal.jpeg,Eastern Time (US & Canada),953284457322102785,0,False,TweetDeck,False,0
"Get in your boat, and go up river, and hit this link SO HAWRDT!!! https://t.co/LjkjoPL5wN",2018-01-16 15:15:00,,en,,,12232,10285,The only movie podcast that puts hair on your chest! We review cult movies for your enjoyment! #podernfamily #moviepodsquad #podcastmafia #castaways,"Houston, TX",2893384172,2014-11-08 04:15:28,False,False,http://cult45podcast.com/,104,2598,False,,350,True,Cult 45,en,cult45podcast,True,C0DEED,http://pbs.twimg.com/profile_images/886600074125553664/W_WDrJb8_normal.jpg,,953284457934589952,0,False,Twitter for Android,False,0
Watch “Atlanta” Season 2’s New Trailer https://t.co/ukqARAKoFW via @Upcoming100,2018-01-16 15:15:00,,en,,,7449,32804,Staff writer and Chart Curator for @Upcoming100,NYC,2251431872,2013-12-18 04:54:29,False,False,http://Upcoming100.com,380,94317,False,-18000,40803,True,Emily Christian,en,EmilyChri5,False,C0DEED,http://pbs.twimg.com/profile_images/738032441428971520/5JJ06Dl4_normal.jpg,Eastern Time (US & Canada),953284457741606913,0,False,TweetDeck,False,0
3 people followed me and 2 people unfollowed me // automatically checked by https://t.co/9zzExsJTKc,2018-01-16 15:15:01,,en,,,671,287,smile my friends,,2506009272,2014-05-19 01:28:09,False,False,,2,368,False,,236,True,mari gago,en,Mari__Gago,True,C0DEED,http://pbs.twimg.com/profile_images/930211181859655680/o_3ecPMs_normal.jpg,,953284461663326209,0,False,fllwrs,False,0
"DNA
MIC MIC BUNGEE
@BTS_twt 
#iHeartAwards 
#BestFanArmy 
#BTSARMY https://t.co/rl0K39WGYu",2018-01-16 15:15:01,,cs,,,0,18,Bangtaan.,"Sidoarjo, Indonesia",945002364271915008,2017-12-24 18:44:55,False,False,,0,0,False,,91,True,Prisca Limbono,id,Priscaa81,False,F5F8FA,http://pbs.twimg.com/profile_images/952571845282115584/ZxRi_Dl__normal.jpg,,953284461302505472,0,False,Twitter for Android,False,0
"@pr17comic No se Rick,parece falso https://t.co/mMijfgOwuD",2018-01-16 15:15:01,,pt,,,720,538,,,3258434193,2015-05-15 22:59:38,False,False,,0,13,False,,72,True,Nardo,es,muchohristo,False,C0DEED,http://pbs.twimg.com/profile_images/908400879581237250/pUOEiJ8E_normal.jpg,,953284460526624768,0,False,Twitter for Android,False,0
@la_iguanatv https://t.co/LK6RMBSNvX,2018-01-16 15:15:01,,und,,,107,1445,,,259228057,2011-03-01 12:20:10,False,False,,0,26,False,,145,True,3du@rdo,es,eduardo_69_a_,False,C0DEED,http://pbs.twimg.com/profile_images/3588709966/aa19a35a640bf171078c8af3b80e8425_normal.jpeg,,953284462191759360,0,False,Twitter Web Client,False,0
Unplugging: 5 tips to get your mobile device addiction under control. https://t.co/PNS0jCpH3x,2018-01-16 15:15:01,,en,,,0,102,"Managing Principal, Fundamental Choice Portfolio Manager - at Wells Fargo Advisors Financial Network LLC, Member SIPC.  For information please visit my website.","Phoenix, Az",2573543012,2014-06-17 20:49:08,False,False,http://www.brucepetersoninvestments.wfadv.com,0,26,False,-28800,13,True,Bruce Peterson,en,bpetersonwfafn,False,C0DEED,http://pbs.twimg.com/profile_images/724622674014572544/qfH729FL_normal.jpg,Pacific Time (US & Canada),953284460438581249,0,False,Socialware Inc.,False,0
Lol https://t.co/J0cSfLK27v,2018-01-16 15:15:01,,und,,,127,99,,United States,941034788672196608,2017-12-13 19:59:12,False,False,,0,11,False,,55,True,ElSnapitan,en,ESnapitan,False,F5F8FA,http://pbs.twimg.com/profile_images/941045636484468737/J5Gi-AjJ_normal.jpg,,953284461780647936,0,False,Twitter for Android,False,0
Conte doesn't think #Chelsea trying to sign Sanchez https://t.co/PeRqG4EouH https://t.co/f5CzvOognA,2018-01-16 15:15:01,,en,,,0,17260,The latest news of interest about #Soccer in one place!,Global,877827610163728384,2017-06-22 09:56:26,False,False,,32,16147,False,,1988,False,Soccer Newz,en,Soccer__Newz,False,000000,http://pbs.twimg.com/profile_images/877830879074279424/KMP6DzwN_normal.jpg,,953284460253990917,0,False,TwittAMP,False,0
Amore Criminale. In studio con @TelefonoRosaNaz per spiegare le informazioni di servizio e aiuto alle donne: 1522 n… https://t.co/gLW1bebk6v,2018-01-16 15:15:01,,it,,,12861,14345,Programma TV che dal 2007 racconta storie di donne vittime di maltrattamenti e violenze. A servizio delle donne per  denunciare la violenza maschile.,Account ufficiale,2328922429,2014-02-05 14:59:12,False,False,http://www.amorecriminale.rai.it/,25,9673,False,3600,988,False,Amore Criminale,it,AmoreCriminal,True,000000,http://pbs.twimg.com/profile_images/433214468525264896/uGD46V4F_normal.jpeg,Ljubljana,953284460866424837,0,False,Twitter Web Client,False,0
"Wind 2 mph W Gusting 9 mph.
Barometer 988.25 mb, Falling.
Temp 2.3 °C, (0 °C).
Rain today 3.4 mm.
Humidity 37%
#batley",2018-01-16 15:15:01,,en,,,4,200666,"PWS located at Hanging Heaton, Batley tweeting local weather info every 15 minutes. Owned and maintained by @DougVickers.","Batley, West Yorkshire ",228018828,2010-12-18 13:46:48,False,False,http://www.batleyweather.co.uk,15,384,False,0,248,False,Batley Weather,en,BatleyWeather,False,C6E2EE,http://pbs.twimg.com/profile_images/1720508317/Logo-1_normal.gif,London,953284461512282112,0,False,Sandaysoft Cumulus,False,0
"New Release
Romantic Behavior -- L.A. Witt
#RomanticSuspense #MMRomance | https://t.co/vxIy0s9NYt https://t.co/fhVjpZLBHW",2018-01-16 15:15:02,,en,,,80842,117899,Often NSFW. Romance reader. Owner of TBQs Book Palace. Host of #LustingForCovers. Here there be book quotes. Tuesdays I bring the sexy men (you're welcome).,Utah,179258468,2010-08-16 22:13:07,False,False,http://www.tbqsbookpalace.com,118,2610,False,-25200,380,False,The_Book_Queen,en,The_Book_Queen,False,709397,http://pbs.twimg.com/profile_images/1700533397/TheQueen23_normal.png,Mountain Time (US & Canada),953284465396129793,0,False,Twitter Web Client,False,0
la tia que el domingo no puso ni artista invitado y ha dicho qqqq yo no pago a nadie poneis mi documental y arreando https://t.co/KuWw0iQeeo,2018-01-16 15:15:02,,es,,,5150,4081,En proceso de ser un artista. Orgulloso libra que busca su camino en la vida.,,756561717228953600,2016-07-22 18:49:04,False,False,https://my.w.tt/UiNb/t4BwII75DH,2,94,False,,94,False,art always wins.,es,acuatice,False,000000,http://pbs.twimg.com/profile_images/938192841976754176/CuiRCAHA_normal.jpg,,953284465450680320,0,False,Twitter for iPhone,False,0
"New Release
HOT SEAL Bride -- Lynn Raye Harris
#RomanticSuspense | https://t.co/IAf3P3YqrK https://t.co/n7roWIV40R",2018-01-16 15:15:01,,en,,,80842,117897,Often NSFW. Romance reader. Owner of TBQs Book Palace. Host of #LustingForCovers. Here there be book quotes. Tuesdays I bring the sexy men (you're welcome).,Utah,179258468,2010-08-16 22:13:07,False,False,http://www.tbqsbookpalace.com,118,2610,False,-25200,380,False,The_Book_Queen,en,The_Book_Queen,False,709397,http://pbs.twimg.com/profile_images/1700533397/TheQueen23_normal.png,Mountain Time (US & Canada),953284460497199104,0,False,Twitter Web Client,False,0
Give these super easy @PerdueChicken fajitas a try. You won’t regret it! #Promotion #PerdueCrew -… https://t.co/ltZg3oBxO2,2018-01-16 15:15:01,,en,,,0,511,,"saylorsburg,pa",2510711616,2014-05-20 15:41:21,False,False,,0,3,False,,15,True,Samantha Zito,en,zito_samantha,False,C0DEED,http://pbs.twimg.com/profile_images/468800573966675968/d4EGrC05_normal.jpeg,,953284462627950594,0,False,SocialToaster,False,0
@rickdamico123  https://t.co/5jSLNlGB5w,2018-01-16 15:15:03,,und,,,4277,2666,Lockheed Missiles and Space Company,"Apache Junction, Arizona",120195876,2010-03-05 19:14:50,False,False,http://www.lockheedmartin.com,1,204,False,,437,False,Craig Kessler,en,crkes,False,000000,http://pbs.twimg.com/profile_images/797153522982629377/ehB3Qcb4_normal.jpg,,953284469951152128,0,False,Twitter Web Client,False,0
(Met) WSPD: 8 kn / GST: 12 kn / WVHT: 9.5 ft / DPD: 11.0 s / WDIR: 180° / ATMP: 76° F / WTMP: 76° F / DEW: 69° F / 10:50a AST,2018-01-16 15:15:03,,in,,,0,107485,Real-time ocean buoy observations from Atlantic (South),"27.500, -63.000",182291263,2010-08-24 08:00:55,False,False,http://buoyalarm.com/stations/124,1,15,False,-14400,0,False,Buoy 41049,en,buoy41049,False,0F1719,http://abs.twimg.com/sticky/default_profile_images/default_profile_normal.png,Atlantic Time (Canada),953284470685155329,0,False,Buoy Alarm,False,0
https://t.co/oFIrBzhiFU Check out our Facebook Page. Like us and share our page! https://t.co/uNIysTjWZb,2018-01-16 15:15:03,,en,,,3,263777,"Since 1999, Password Sentry is the #1 app for protecting websites from password sharing & attacks. Web hosts & others, make CA$H via our Affiliates Program!","Vancouver, BC, Canada",132769764,2010-04-14 04:00:25,False,False,http://www.password-sentry.com/,25,850,False,-28800,2151,False,Password Sentry,en,PasswordSentry,False,94D487,http://pbs.twimg.com/profile_images/654206353196486656/zRmulGda_normal.png,Pacific Time (US & Canada),953284470244769792,0,False,Password Sentry Updater,False,0
2 people followed me and 2 people unfollowed me // automatically checked by https://t.co/G4GTINkbYV,2018-01-16 15:15:03,,en,,,13763,1624,hold it between ur legs.TURN IT UP!!TURN IT UP!!,,198588098,2010-10-04 18:17:00,False,False,,7,1310,False,,1537,False,michael,en,rage2370,False,1A1B1F,http://pbs.twimg.com/profile_images/480121738437484544/d1vWApEq_normal.jpeg,,953284470479769603,0,False,fllwrs,False,0
Regions #expertsecret #russel #dotcomsecrets  #seo #webdesign #funnelhacker #SEO #funnels https://t.co/Q6dAMlgbhn https://t.co/5Ye9QcJ3nq,2018-01-16 15:15:03,,en,,,36,9172,"I will show you step by step how to make money online in clear video tutorials on affiliate marketing, SEO http://obsessedbyonlinemarketing.com/bonuses",,2624006092,2014-06-19 22:04:51,False,False,http://1001waystomakemoneyonline.com,738,926,False,-28800,1076,True,1001moneyways,en,1001moneyways,True,C0DEED,http://pbs.twimg.com/profile_images/479771947673202688/RU5LNtGq_normal.png,Pacific Time (US & Canada),953284469808680961,0,False,SocialCloudSuite,False,0
I had fun once. It was horrible. https://t.co/71chDMnPrM,2018-01-16 15:15:03,,en,,,2848,172793,"Gamers Unite! #gaming, #games, #ps4,  #Xbox #xboxone, #pc #F4F, #VideoGames, #Gamers, #GamerGirl #cosplay","Indiana, USA",582768645,2012-05-17 11:30:49,False,False,,94,2673,False,-28800,2213,False,Hilde Games,en,HildeGames,False,B2DFDA,http://pbs.twimg.com/profile_images/684401060811673600/qYTHukOs_normal.jpg,Pacific Time (US & Canada),953284470127423491,0,False,SocialOomph,False,0
She Wrapped Her Teeth In Aluminium Foil And Only After 1 Hour...THIS Happened! https://t.co/9t8yTKcis3,2018-01-16 15:15:04,,en,,,1878,611267,My Tweets are here to inspire. I am not NICKI MINAJ. *Parody Account* This account is not associated with NICKI MINAJ. *I do not own any content posted*,[#1 Fan/Parody Account],748711314,2012-08-10 05:47:52,False,False,,223,66034,False,-28800,55591,False,NICKI MINAJ,id,NICKIMINAJo_0,False,131516,http://pbs.twimg.com/profile_images/913969915249385473/ibCVE96B_normal.jpg,Pacific Time (US & Canada),953284474711638016,0,False,TweetDeck,False,0
#NewProfilePic https://t.co/STVKfYtC4J,2018-01-16 15:15:04,,und,,,16,269,,"Srinagar, Jammu & Kashmir ",379742473,2011-09-25 13:49:30,False,False,https://www.facebook.com/sheikhmaied,0,57,False,19800,9,False,Sheikh Maied,en,SheikhMaied,True,C0DEED,http://pbs.twimg.com/profile_images/953284433494253568/mQ508zmc_normal.jpg,New Delhi,953284473377898496,0,False,Twitter for iPhone,False,0
She Wrapped Her Teeth In Aluminium Foil And Only After 1 Hour...THIS Happened! https://t.co/GSkDpdIjz2,2018-01-16 15:15:04,,en,,,6,58234,My Tweets are here to inspire. *Parody Account* This account is not associated with Kourtney Kardashian. *I do not own any content posted*,[#1 Fan/Parody Account],546078205,2012-04-05 15:55:29,False,False,,1,2064,False,-28800,3429,True,Kourtney Kardashian,en,KourtKradashian,False,C0DEED,http://pbs.twimg.com/profile_images/906508734611963904/W1HssuPi_normal.jpg,Pacific Time (US & Canada),953284473386225664,0,False,TweetDeck,False,0
From 'sleep when the baby sleeps' through to 'accept all offers of help' we look at the best advice given to new mu… https://t.co/DAXXlQ1JHr,2018-01-16 15:15:03,,en,,,360,6278,TalkMum: Tweeting about the highs and lows of pregnancy - and beyond! - and how it affects your health. Supported by Pregnacare,London,522320332,2012-03-12 15:00:40,False,False,http://blog.vitabiotics.com/category/talkmum,33,3362,False,0,2117,False,TalkMum,en,TalkMum,True,B2DFDA,http://pbs.twimg.com/profile_images/1899031129/twitter_icon_normal.jpg,Casablanca,953284470018371584,0,False,Buffer,False,0
"5 ways modern conservatories are better than in the year 2000

https://t.co/gnCQDlZ3I5",2018-01-16 15:15:05,,en,,,435,803,"Falcon Installations is a family owned, family run home improvement company offering a range of uPVC windows, doors, conservatories, porches &roofline products.","Bridgend, Wales",758985598963023872,2016-07-29 11:20:42,False,False,http://www.upvc.wales,2,286,False,0,795,False,Falcon Installations,en-gb,FalconuPVC,True,000000,http://pbs.twimg.com/profile_images/806486991906963456/a7Zx9v8A_normal.jpg,London,953284478734041090,0,False,Hootsuite,False,0
*inserte Gorillaz aki* https://t.co/ivTCyMjsGb,2018-01-16 15:15:04,,es,,,56,29,"hola ketal yo soy Aether proyect y aki hay memes,paisajes, fotos y lo que ustedes pidan y/o deseen. 

weno yo soy Aether y este es mi tuiterxD",,868853272488103936,2017-05-28 15:35:37,False,False,,0,7,False,,96,True,Aether Proyect No imagineichon xD,es,ki_kiwiki,False,F5F8FA,http://pbs.twimg.com/profile_images/947853360484569088/RiczN6AE_normal.jpg,,953284475529711616,0,False,Twitter for Android,False,0
"Verga, obvio. https://t.co/Cn7QGPg0cf",2018-01-16 15:15:05,,es,,,59906,130522,Architecture student.,Colombia,97984030,2009-12-19 21:20:07,False,False,http://instagram.com/leonardojimenezf,54,1787,False,-18000,1112,False,Emputardo.,es,LeonardoJimenzF,True,131516,http://pbs.twimg.com/profile_images/923261069484871680/fgEG1Svr_normal.jpg,Bogota,953284478742466560,0,False,Twitter for Android,False,0
How to Create a Recertification Profile in Governance Automation https://t.co/E6r3d2n2Iy https://t.co/ipw6wZ8aPp,2018-01-16 15:15:06,,en,,,274,311,"SVP of Sales and Business Dev, Tech and Indana Hoosier Enthusiast",New York,23077930,2009-03-06 15:42:03,False,False,,17,108,False,,479,True,Scott Sacket,en,scottsacket,False,C0DEED,http://pbs.twimg.com/profile_images/444526563887837184/eXg9BsW-_normal.jpeg,,953284482257190912,0,False,dlvr.it,False,0
"@misanthropester At the MLS level I think he could succeed, given the right system. I think the biggest problem is… https://t.co/QSrPnD2b4d",2018-01-16 15:15:06,,en,,,35766,73164,Princely Shark who just wants to have pun. Functioning caffeine addict and general snarkapuss.,Punderdome,354958255,2011-08-14 15:55:38,False,False,,51,685,False,-21600,890,False,Tweeter formerly known as Left Shark,en,LoonyTrumpterMN,True,000000,http://pbs.twimg.com/profile_images/926251843302318081/4VX88aqI_normal.jpg,Central Time (US & Canada),953284482781667328,0,False,Twitter Web Client,False,0
"We.... We got what you need ....we've got all different types of rafts, for your survival and your aircrafts...… https://t.co/WYT4sm1NyH",2018-01-16 15:15:06,,en,,,0,6,,,953017469161140225,2018-01-15 21:34:05,False,False,,0,7,False,,95,True,Life Raft Store,en,LifeRaftStore,False,F5F8FA,http://pbs.twimg.com/profile_images/953019250771292160/42NjNaEq_normal.jpg,,953284481531678720,0,False,Twitter Web Client,False,0
#Billboard #Capitol #Chrsitian #Music #Group #Names #PeterYork #Chairman #CEO #BillboardStaff #NothinNiceNews… https://t.co/11zWfFNIVX,2018-01-16 15:15:07,,und,,,556,3680,Nothin Nice Radio. Giving You Exclusive Interviews and Music Worldwide @NothinNiceRadio on #TuneIn,"Orlando, FL",772527530427449344,2016-09-04 20:11:31,False,False,http://www.djnothinnice.com/nothin-nice-radio,3,9867,False,,666,True,Nothin NiceRadio,en,NothinNiceRadio,False,F5F8FA,http://pbs.twimg.com/profile_images/772970963742912512/Oz80ahdG_normal.jpg,,953284486170599426,0,False,Hootsuite,False,0
"Sammy Kershaw, Aaron Tippin and Colin Raye and join forces in the Roots &amp; Boots tour Saturday, April 28th at the Se… https://t.co/wd7Hy7H7fi",2018-01-16 15:15:06,,en,,,203,1309,"Minutes from Ellicottville is a sanctuary with 400 luxury rooms, full-service spa & salon, and over 30 table games & 2,000 slots in the casino. 1-877-8-SENECA","Salamanca, NY",4728206723,2016-01-06 21:11:21,False,False,http://www.senecaalleganycasino.com/,7,1973,False,-18000,643,True,Seneca Allegany,en,SenecaAllegany,False,F5F8FA,http://pbs.twimg.com/profile_images/778290816091643904/yOfyONuU_normal.jpg,Eastern Time (US & Canada),953284480860639232,0,False,Hootsuite,False,0
Tackle some of those big questions in your life this January with a hot cup of citrus and spice infused red wine -… https://t.co/MkNf9GQ7re,2018-01-16 15:15:07,,en,,,7,18,The greatest bar you'll ever visit,"London, England",782665948771733504,2016-10-02 19:37:58,False,False,,2,33,False,,14,False,SOAS Bar,en,SOAS_bar,False,000000,http://pbs.twimg.com/profile_images/932599813568454656/eTGIGbkQ_normal.jpg,,953284486254551045,0,False,Hootsuite,False,0
https://t.co/4ayvTte4KF,2018-01-16 15:15:07,,und,,,110,332,Costume designer // Beauty. Go to http://go4to.info/DiecoolengurkenIHvn,,2923310327,2014-12-15 18:01:22,False,False,,2,24,False,,846,True,Willie Becker,de,Diecoolengurken,False,C0DEED,http://pbs.twimg.com/profile_images/953284141147025409/0VGaGpzM_normal.jpg,,953284486153695232,0,False,Twitter Web Client,False,0
"In-ear. Noise cancelling. Better sound. Consider them your go-to headphones, wherever you go. The BOSE QuietComfort… https://t.co/gSGObjKyjd",2018-01-16 15:15:07,,en,,,412,5990,"Frank Harvey Hi-Fi - Home of Hi Fi Excellence are passionate about delivering the best experience, have one of the largest ranges of Hi Fi products in the UK.","Spon Street, Coventry",34244562,2009-04-22 11:24:02,False,False,http://www.hifix.co.uk,35,1726,False,0,1655,False,HiFiX,en,FrankHarveyHiFi,True,0099B9,http://pbs.twimg.com/profile_images/514794429920444417/3CXSEO78_normal.jpeg,London,953284486145433601,0,False,Hootsuite,False,0
"Got an upcoming event you need a space for? Whatever the occasion, our spaces can accommodate up to 65 people with… https://t.co/FWJ501MMQW",2018-01-16 15:15:07,,en,,,1565,3401,"Authentic Spanish restaurant on Duke Street in Darlington. Tea-time specials, paellas, tapas, wines and beers. Call 01325 467000 to book #DarloBiz","Darlington, UK",2517705746,2014-05-23 12:17:24,False,False,http://www.soltapas.co.uk,30,2199,False,0,2246,False,Sol Tapas Restaurant Darlington,en,SolTapas,True,FA743E,http://pbs.twimg.com/profile_images/872070645374480384/PNmlcpMN_normal.jpg,London,953284486149689346,0,False,Hootsuite,False,0
@OfficialNIFL @DgnSwifts  https://t.co/6p0cr19aie,2018-01-16 15:15:06,,und,,,255,401,"Always give some-one a hand up, never look down on them.",Northern Ireland,915125901888761856,2017-10-03 08:06:32,False,False,,0,22,False,,113,True,Alistair,en,allythegrump,False,F5F8FA,http://pbs.twimg.com/profile_images/915134732907753472/oF0P6j0K_normal.jpg,,953284484740386821,0,False,Twitter for iPhone,False,0
How to Flaunt Your #Website #Redesign in 2018 @emagineusa's Blog https://t.co/Jm0W0aYkRQ #Healthcare #B2B #Webdesign https://t.co/rLxZ54crbT,2018-01-16 15:15:06,,en,,,317,1344,"Pet/Mascot/Evangelist for emagine, the leading Digital Agency for Healthcare Biotech & B2B. I'm a chihuahua for crying out loud. PLEASE excuse my grammar.","Boca Raton, FL",3082843162,2015-03-09 23:49:33,False,False,http://www.emagine.com,104,734,False,,685,True,Jessie,en,emaginejessie,False,C0DEED,http://pbs.twimg.com/profile_images/575081270687879168/-Kfllcjt_normal.jpeg,,953284484333481985,0,False,Buffer,False,0
#INDvSA  India need opener like @virendersehwag who not only score fast but break opponent bowler's moral. Which al… https://t.co/j41ttNca7N,2018-01-16 15:15:08,,en,,,602,145,,,1080150546,2013-01-11 16:12:54,False,False,,1,5,False,,40,True,jagdish bhavani,en,jagdishbhavani,False,C0DEED,http://pbs.twimg.com/profile_images/769917639976181760/ff98UYb9_normal.jpg,,953284491589529600,0,False,Twitter for Android,False,0
@jbg_8_9 Did you short due to the doji candle that formed on 1 minute?,2018-01-16 15:15:08,,en,,,260,124,,,930631042184204288,2017-11-15 02:58:25,False,False,,0,5,False,,18,True,Bobby Jones,en,BobbyJo78961914,False,F5F8FA,http://abs.twimg.com/sticky/default_profile_images/default_profile_normal.png,,953284491208024065,0,False,Twitter for iPhone,False,0
"Bite Beauty Blush Pearl Prismatic Multistick Review, Photos, Swatches https://t.co/qrMVkT1z5n https://t.co/KExAJ4VXwB",2018-01-16 15:15:08,,en,,,61,3677,ICON Models | Life is good,,826903269964468225,2017-02-01 21:21:17,False,False,https://www.instagram.com/inmokanba/,0,1339,False,,82,False,Inmo Kanba,es,inmokanba_,False,000000,http://pbs.twimg.com/profile_images/826903680213536769/O2q96SsI_normal.jpg,,953284490507399168,0,False,dlvr.it,False,0
'Outstanding' rating awarded to North west London home care provider @SweetTreeHCS https://t.co/cCPaKaN8h8… https://t.co/aMMz1dMvfM,2018-01-16 15:15:08,,en,,,628,1708,"Leading manufacturer of open platform IP SIP Door Entry, Access Control, Concierge, Smart Home, Assisted Living Telecare & Telehealth connected solutions #TECS","London, UK",170754891,2010-07-25 17:38:02,False,False,http://www.greenaccessltd.co.uk,142,1104,False,0,2877,False,Green Access,en,GreenAccessltd,False,FAFAFA,http://pbs.twimg.com/profile_images/478805487912091649/uy0cHagz_normal.jpeg,London,953284489614065664,0,False,Hootsuite,False,0
More Farewell Tours Than The Who: Delta’s Endless 747 Retirement Party https://t.co/k7Lr94RzSA https://t.co/JzIbjGMvA9,2018-01-16 15:15:08,,en,,,11,2174,"Private pilot, EASA ATPL (A) trainee airline pilot. Married dad of 3 kids. Solicitor, play piano/guitar, speak Italian, Biker, King of FIFA. Check my LinkedIn.","Lymm, Cheshire, England",861665408574783488,2017-05-08 19:33:37,False,False,,4,24,False,,229,True,Paul Roberts,en,CptPaulRoberts,False,F5F8FA,http://pbs.twimg.com/profile_images/863689269348642816/DjnaxKrl_normal.jpg,,953284490222223361,0,False,dlvr.it,False,0
(Wave) WVHT: 11.5 ft / APD: 7.1 s / MWD: 139° / 6:00a AKST,2018-01-16 15:15:08,,de,,,0,76951,"Cape Suckling (84 NM Southeast of Cordova, AK) - Reports every 60 minutes","59.688, -143.399",36888235,2009-05-01 05:05:01,False,False,http://buoyalarm.com/stations/97,1,2,False,,0,False,Buoy 46082,en,buoy46082,False,0F1719,http://pbs.twimg.com/profile_images/378800000285310920/4db8b6e74ac5cc8e5d012f02bf5f9afc_normal.png,,953284491832782848,0,False,Buoy Alarm,False,0
...May be this a destiny https://t.co/COwi9FrwOf,2018-01-16 15:15:09,,en,,,222,38,,,339746440,2011-07-21 15:58:15,False,False,,1,14,False,,201,True,Shirley Morrison,en,youssef1223,False,C0DEED,http://pbs.twimg.com/profile_images/953284070594826240/6OFgtXtJ_normal.jpg,,953284493355507712,0,False,Twitter Web Client,False,0
"RPi Uptime: 13 days, 16:19:57.190000 CPU Temp:39.0C #WeatherPiStatus https://t.co/VgdUOuu8Ey",2018-01-16 15:15:09,,in,,,16,124490,RPi Tracking and Dev,San Antonio,189769523,2010-09-12 04:54:19,False,False,,4,19,False,-21600,199,False,Tazz,en,allthingstazz,True,3C2C22,http://pbs.twimg.com/profile_images/603410606675202049/yjv9_6TU_normal.jpg,Central Time (US & Canada),953284494051684352,0,False,Allthings_Tazz,False,0
TD's Achieve the Dream Scholarship Program is now accepting applications! We're thrilled to present another 70… https://t.co/1UxBxkijtT,2018-01-16 15:15:09,,en,,,961,21724,"Bringing you opportunities, career advice & insight to what it's like to work at TD. Connect with us Mon-Fri from 9am-4pm EST! Visit: http://jobs.td.com",A city near you!,2215968480,2013-11-26 16:10:37,False,False,http://www.td.com/to-our-customers/social-media-disclaimer.jsp#twitter,280,2795,False,-28800,262,False,TD Careers,en,TD_Careers,True,C0DEED,http://pbs.twimg.com/profile_images/900413048061542400/UnQF6RWk_normal.jpg,Pacific Time (US & Canada),953284495154622465,0,False,Twitter Web Client,False,0
Bad Girl Behind Bars #Catwoman https://t.co/CB2zjPHUfW,2018-01-16 15:15:09,,en,,,3512,28289,"The RageBear is a bear with chainsaw arms who shares #superhero & #movie news, and #comics, #anime & #geek stuff. https://www.facebook.com/therealragebear",the Interwebs,3105250433,2015-03-22 17:13:05,False,False,http://ragebear.com,176,8129,False,3600,1307,False,RageBear,en,TheRealRageBear,False,391426,http://pbs.twimg.com/profile_images/634816265362632704/GXNfMUF5_normal.jpg,Brussels,953284495293128704,0,False,dlvr.it,False,0
"Mystery Writers of America to host all day workshop for writers Sat. Jan. 27 at Rockridge Branch Library, Oakland,… https://t.co/zLLYzmxvCl",2018-01-16 15:15:09,,en,,,8,1821,"Laurie R. King is the award-winning and NYT bestselling author of the Mary Russell/Sherlock Holmes and Kate Martinelli series, as well as several standalones.",California,630751047,2012-07-09 01:20:22,True,False,http://www.laurierking.com,75,1993,False,-28800,165,True,Laurie R King,en,LaurieRKing,False,C0DEED,http://pbs.twimg.com/profile_images/2519768547/o0nmx2q6e41fsdzxzvce_normal.jpeg,Pacific Time (US & Canada),953284493267304451,0,False,Buffer,False,0
#vegas #shows #comedy #magic #burlesque #concerts #nightclubs #vip #reservation https://t.co/LTxg2O3ufJ,2018-01-16 15:15:09,,und,,,0,76703,"Access to ALL VEGAS Hotspots!
info@3ndlessnightlife.com
702-582-7250","Las Vegas, NV",722254045033857024,2016-04-19 02:42:37,False,False,http://3ndlessnightlife.com,72,114,False,-28800,22,False,vegas hotspots,en,vegas_hotspots,True,000000,http://pbs.twimg.com/profile_images/722289027886395393/AVRsPaq2_normal.jpg,Pacific Time (US & Canada),953284493548322817,0,False,IFTTT,False,0
"Executive Office Massage Chair Vibrating Ergonomic Computer Desk Chair 

$149.99

https://t.co/XxErh0QGVy https://t.co/x5a8km2XQH",2018-01-16 15:15:10,,en,,,10,110330,"Here to help you score on the best deals on the web, guaranteed!",,859999411102994432,2017-05-04 05:13:32,False,False,,7,420,False,,4392,True,BargainHooked,en,BargainHooked,False,F5F8FA,http://pbs.twimg.com/profile_images/860000303772553216/7dXQa1u2_normal.jpg,,953284497713311744,0,False,that good,False,0
bora pessoal lotar a live https://t.co/YPvgF107uB,2018-01-16 15:15:10,,pt,,,22,392,,,527705760,2012-03-17 18:17:20,False,False,,0,34,False,,13,False,JT PLAY,pt,junior41676234,False,C0DEED,http://pbs.twimg.com/profile_images/949232707619512320/GMMn8MZ4_normal.jpg,,953284499793678336,0,False,Twitter Web Client,False,0
https://t.co/0xeKDN63ym,2018-01-16 15:15:10,,und,,,2444,83836,"ass, sex, legs, foot, girls lover",All around the world,74608982,2009-09-16 00:48:53,False,False,,99,17884,False,-21600,1013,False,SEXVIP +18,es,SEXsuperVIP,False,C6E2EE,http://pbs.twimg.com/profile_images/874771618039549956/7xYsPNts_normal.jpg,Mexico City,953284501060374528,0,False,Twitter for iPhone,False,0
"Russian Model Angelina Danilova Is A Big Fan Of Which Male Group?

https://t.co/omLkHXTTtM https://t.co/lmM9dhfpQ3",2018-01-16 15:15:11,,en,,,58,99459,The Home Of K Pop Lovers!,Worldwide,42856366,2009-05-27 10:39:18,False,False,http://www.dkpopnews.net,1649,195788,False,-32400,677,False,dkpopnews,en,dkpopnews,False,022330,http://pbs.twimg.com/profile_images/1357359394/DKPOPNEWS_Official_logo_normal.jpg,Alaska,953284502083706881,0,False,Twitter Web Client,False,0
"FREE SHIPPING + 10% OFF Coupon Code ""Official"" Sesame Street / Keepin It Trashy-short Sleeve Junior Sheer-kelly Gre… https://t.co/FMEh653Au7",2018-01-16 15:15:12,,en,,,0,23030,,,822550670712639488,2017-01-20 21:05:36,False,False,,0,609,False,,164,True,OfficiallyLicensed,en,LicensedGear,False,F5F8FA,http://pbs.twimg.com/profile_images/822551853481201665/0vs_NRFE_normal.jpg,,953284507548901376,0,False,Autotweet for my OLG Store,False,0
@SquawkaNews @realmadrid  https://t.co/hm6DZcSwse,2018-01-16 15:15:12,,und,,,11557,2680,,,888064255911747584,2017-07-20 15:53:12,False,False,,0,38,False,,42,True,Mohsin Siddique,en,MohsinS84223558,False,F5F8FA,http://abs.twimg.com/sticky/default_profile_images/default_profile_normal.png,,953284506940854272,0,False,Twitter for iPad,False,0
Hab ernsthaft jetzt mit STRG+F locker 20min nach dem Kommentar gesucht nur um es zu liken aber net gefunden... Scha… https://t.co/D3vFOf70Zd,2018-01-16 15:15:12,,de,,,638,237,"-Damals Optimistischer Pessimist... Heute Realist! Leider...

Selten auf Twitter-",-Schreibt auf Insta fuckedbrokenspirit,1558215596,2013-06-30 14:46:10,False,False,,0,31,False,,240,False,CamilleLvL8,de,PeeeeewwDiePie,False,000000,http://pbs.twimg.com/profile_images/836194112021880832/ilSYKaI2_normal.jpg,,953284508043837440,0,False,Twitter Web Client,False,0
Register with Binance and you can trade for as low as 0.05% fee. 3-5x cheaper than Bithumb / Bitfinex / HitBTC / Po… https://t.co/ZLLRyWljrf,2018-01-16 15:15:12,,en,,,0,5155,"Trade on Binance and get 50% discount trading fees: 

https://www.binance.com/?ref=10078236",,853348645550170112,2017-04-15 20:45:46,False,False,,1,96,False,-28800,32,True,Sharon,en,BinanceBaby,False,F5F8FA,http://pbs.twimg.com/profile_images/934183319087988736/ZN4qzMul_normal.jpg,Pacific Time (US & Canada),953284508215926789,0,False,IFTTT,False,0
"Is 2018 the year to share your research, launch a new product or idea, or host an industry meeting? Then The Cambri… https://t.co/4nmNccsAkM",2018-01-16 15:15:12,,en,,,108,1287,"Babraham Research Campus home of the Babraham Institute and 60 biomedical companies, bringing academic and commercial bioscience together.",Babraham - Cambridge,423412908,2011-11-28 13:36:32,False,False,http://www.babraham.com,36,1676,False,,159,False,BabrahamUK,en,BabrahamUK,False,000000,http://pbs.twimg.com/profile_images/876718997298872321/T08jh_zZ_normal.jpg,,953284507259502592,0,False,Hootsuite,False,0
Help family of 5 who lost everything in a house fire https://t.co/O45Y02ba2P #Gofundme @sagittarius1602 https://t.co/3nPpAnBLKn,2018-01-16 15:15:13,,en,,,36,62088,Get Your Fundraising Campaign Tweeted On Our Large Network & To Over 1.3 Million Of Our Fans. Get The Exposure & Donations You Need! http://MonsterFunders.com,Twitter Feeds,4295289252,2015-11-20 00:34:47,False,False,http://MonsterFunders.com,47,121030,False,-28800,138287,True,Funding Experts,en,FundingExperts,False,C0DEED,http://pbs.twimg.com/profile_images/780174953270300673/CuWZQnvU_normal.jpg,Pacific Time (US & Canada),953284511760109573,0,False,Socialtap SocialMedia,False,0
teenvirgins nepali sixy girl https://t.co/kxW6l1dopf,2018-01-16 15:15:13,,tl,,,1738,11540,Soothsayer * Land Devil * Sentient Being * Mystic,Dolphin Planet,993644478,2012-12-06 19:11:44,False,False,,0,129,False,,177,True,Catherine Washington,en,tetra_isi,True,C0DEED,http://pbs.twimg.com/profile_images/949175236993404929/9PqkNXUH_normal.jpg,,953284512405966848,0,False,Twitter Web Client,False,0
What a player! https://t.co/ZzBNE6raLm,2018-01-16 15:15:13,,en,,,11,54,,Loughborough,238148499,2011-01-14 13:44:41,False,False,,0,74,False,0,296,True,James Sills,en,jamesrsills,False,C0DEED,http://pbs.twimg.com/profile_images/796299385600610305/7idj-Exe_normal.jpg,London,953284512242458624,0,False,Twitter Web Client,False,0
Le cose cambiano. #Diabolik https://t.co/6ZrPaQskI5,2018-01-16 15:15:12,,it,,,11223,105405,"Scrittore, a vario titolo.",Milano,40302122,2009-05-15 18:36:34,False,False,http://querty.it/show/tizzoni-dinferno/,368,16873,False,3600,1511,False,Tito Faraci,it,titofaraci,True,642D8B,http://pbs.twimg.com/profile_images/927128001875148801/8xIOlY83_normal.jpg,Berlin,953284509373554688,0,False,Twitter for iPhone,False,0
This is my friends in my Native place https://t.co/yMRQLZcI9L,2018-01-16 15:15:12,,en,,,56,3,,"Chennai, India",925231323110809601,2017-10-31 05:21:52,False,False,,0,1,False,,54,True,PARThirunavukkarasu.,en,parthib46153180,False,F5F8FA,http://pbs.twimg.com/profile_images/932895209209282560/RziVppx3_normal.jpg,,953284509696385025,0,False,Twitter for Android,False,0
@SoMeMediaInc @realDonaldTrump  https://t.co/XhlLE5qbV5,2018-01-16 15:15:14,,und,,,3422,2892,,"Texas, USA",1375563949,2013-04-23 21:43:14,False,False,,0,126,False,,117,True,Sun 2 Mold,en,HadleyTexas,False,C0DEED,http://pbs.twimg.com/profile_images/3566218838/500c005dbd93b13cc2b324912e41d935_normal.jpeg,,953284515862138881,0,False,Twitter for Android,False,0
Dear reader: We have recently found real-time upfront clear physical evidence that a day is only 2 hours and 40 min… https://t.co/HSlPiarPGx,2018-01-16 15:15:14,,en,,,9,2416,Producer/Writer/Director,Los Angeles Hollywood CA,40234297,2009-05-15 12:59:39,False,False,http://www.bigjrecords.com,10,606,False,-28800,2111,False,Big J,en,Bigjrecords,True,000000,http://pbs.twimg.com/profile_images/1433172218/BigJ_silly__normal.jpg,Pacific Time (US & Canada),953284516797341696,0,False,Twitter for Android,False,0
Are millenials gender rebels or returning to tradition? New book from #UIC sociologist explores how the new generat… https://t.co/bgNxtVRqlX,2018-01-16 15:15:13,,en,,,733,7946,"The latest news from the University of Illinois System and its three institutions, from the Office for University Relations.
infosource@uillinois.edu","Illinois, USA",368996879,2011-09-06 15:51:48,False,False,http://www.uillinois.edu,110,2079,False,-21600,1154,False,U of IL System,en,UofILSystem,False,C0DEED,http://pbs.twimg.com/profile_images/951539807527849989/HqfBUc5P_normal.jpg,Central Time (US & Canada),953284513450340352,0,False,Hootsuite,False,0
"Me: Time passes so fast
Time: *slows the fuck down* https://t.co/jMEfW7oDUB",2018-01-16 15:15:14,,en,,,1462,266,"15 in 2018, I'm the Grey one.
I'm a mix of disappointment, failure,and rudeness.","Sabah, Malaysia",4487781259,2015-12-07 16:31:13,False,False,,0,72,False,,364,False,aaabigailsm,en,chong_abigail,False,000000,http://pbs.twimg.com/profile_images/942966776492470273/9OqQMo8X_normal.jpg,,953284516319084544,0,False,Twitter for Android,False,0
"Was your New Year's Resolution to learn something new? From weaving pine needle baskets to embroidery,… https://t.co/N6kIlCQCXM",2018-01-16 15:15:16,,en,,,13636,4720,"Official account of Truckee, CA. Located in the Sierra Nevada. Share your Truckee adventures with us and be sure to tag #BaseCampforaBigLife.","Truckee, CA",103944637,2010-01-11 19:21:17,False,False,http://www.truckee.com,116,4306,False,-28800,650,False,Visit Truckee,en,VisitTruckee,True,FFFFFF,http://pbs.twimg.com/profile_images/730422212105134081/tiKku8U7_normal.jpg,Pacific Time (US & Canada),953284523659354112,0,False,Hootsuite,False,0
"4.4 stars, 138 reviews: Phantom Professional Quadcopter Aircraft Gimbal  Video Camera. Details: No need cable plugg… https://t.co/fhypi8MfqB",2018-01-16 15:15:16,,en,,,6,39488,Hey! Are you a java developer? You will enjoy reading my tweets about Java Technology #programing #J2EE #JavaFX. Tweets are powered by @SemanticEarth,Global,905993768624472065,2017-09-08 03:18:41,False,False,,8,346,False,-14400,109,True,Java Technology,en,java_tec,False,F5F8FA,http://pbs.twimg.com/profile_images/905995057215414273/etwddRQR_normal.jpg,Caracas,953284524410114049,0,False,Promotion Amazon48,False,0
#SummerCamp in #Austria - A spectacular mountain and lakeside experience. Find out more: https://t.co/P1SLH24mVI… https://t.co/O4rZR4Egzu,2018-01-16 15:15:17,,en,,,82,657,For over 45 years more than 200'000 campers have experienced our Summer Camps. Lifetime friends and memories happen as a result of Village Camps!,Switzerland,286023509,2011-04-22 06:19:34,False,False,http://www.villagecamps.com,12,417,False,3600,274,False,Village Camps,en,villagecamps,False,B2DFDA,http://pbs.twimg.com/profile_images/3750831456/e3d7569cddb293fc3816ecfaab6e2ceb_normal.jpeg,Bern,953284527362920450,0,False,Twitter Web Client,False,0
amator teen free sex picks https://t.co/xzZINMyZYd,2018-01-16 15:15:17,,en,,,0,4094,,,980410334,2012-11-30 12:56:01,False,False,,0,6,False,,13,True,Elena Simmons,en,richd888,False,C0DEED,http://pbs.twimg.com/profile_images/949173953830031360/_8zuiGmJ_normal.jpg,,953284529099288578,0,False,Twitter Web Client,False,0
Tech hubs to call home:where to buy new homes in central London in 2018 https://t.co/JvY5JopoML https://t.co/DE7jOt2CoB,2018-01-16 15:15:18,,en,,,162,43054,MD of the most innovative sales & marketing agency to the land & new homes industry servicing both developers and estate agents.,Peter Krelle Associates,182503709,2010-08-24 19:11:45,False,False,http://www.peterkrelle.com,197,28987,False,0,27770,False,Peter Krelle,en,landandnewhomes,True,B2DFDA,http://pbs.twimg.com/profile_images/761225659259707392/cDCZmwZa_normal.jpg,London,953284532609998848,0,False,Hootsuite,False,0
i told yah kambal si jisoo at jin HAHA https://t.co/SndSfPPblJ,2018-01-16 15:15:18,,hi,,,198,3896,DID U SEE MY FCKING BAG,hand-some : TROS : got7 ,928980756113657858,2017-11-10 13:40:46,False,False,,3,151,False,,159,True,kit,en,seokkooky,False,F5F8FA,http://pbs.twimg.com/profile_images/951456634164752385/OPXWGuYf_normal.jpg,,953284532907552768,0,False,Twitter for Android,False,0
Landscape by Nektaria Giannoul... #acrylic #painting #art https://t.co/CvKmJxHjSc @artfinder https://t.co/PBZF3rO0JX,2018-01-16 15:15:18,,en,,,0,17996,Latest #landscapes uploaded to @Artfinder - the art marketplace. Also check out @af_portraits and our robot curator @ArtfinderEmma,"London, England",866709453097271298,2017-05-22 17:36:51,False,False,https://www.artfinder.com/landscapes,6,316,False,,11,False,Artfinder Landscapes,en-gb,af_landscapes,False,000000,http://pbs.twimg.com/profile_images/866710035078025216/e_yQl0u7_normal.jpg,,953284532375097344,0,False,Artfinder Landscape Publisher,False,0
This week is all about #ProfessionalDevelopment! Follow us for great content all week! https://t.co/ainOAPCQ4v,2018-01-16 15:15:19,,en,,,7926,49958,Creating Centers of Excellence to Improve and Prove the Value of Marketing https://t.co/7K6Ek4Wh1v #Metrics #MarketingOps #CustomerJourney #MarketingStrategy,"Austin, TX - 512.681.8800  ",19187732,2009-01-19 15:51:48,False,False,http://www.visionedgemarketing.com,1801,3376,False,-21600,2362,False,VisionEdge Marketing,en,LauraVEM,False,FF9A14,http://pbs.twimg.com/profile_images/803619302209265665/HUFyiHCx_normal.jpg,Central Time (US & Canada),953284536191934466,0,False,Hootsuite,False,0
India’s only openly gay prince will open his palace to #LGBTQ Indians in need. Learn more here. v @NPR.… https://t.co/0DMDyGQfPQ,2018-01-16 15:15:19,,en,,,1799,10077,"Arcus is dedicated to the idea that people can live in harmony with one another and the natural world. Acct promotes #LGBT impact,sister acct to @ArcusGreatApes","New York, NY",427461095,2011-12-03 15:16:09,False,False,http://www.arcusfoundation.org,385,12765,False,-18000,7756,False,Arcus Foundation,en,ArcusLGBT,False,F47920,http://pbs.twimg.com/profile_images/378800000614814754/a81d857189bcd9170ff6983583563d31_normal.png,Eastern Time (US & Canada),953284536389066753,0,False,Hootsuite,False,0
#NewProfilePic im wow-ing my own new icon https://t.co/oP3nfuILcf,2018-01-16 15:15:19,,en,,,15347,10567,@bts_twt & cheesecakes uwu,,896541651585318912,2017-08-13 01:19:21,False,False,,50,3384,False,,1138,True,camy,en,taecyphering,False,F5F8FA,http://pbs.twimg.com/profile_images/953284445217292289/oegpcP2J_normal.jpg,,953284535549968385,0,False,Twitter for Android,False,0
messi https://t.co/V8Hrrc30U3,2018-01-16 15:15:19,,fr,,,0,10162,,,799481881527984128,2016-11-18 05:18:29,False,False,,0,21,False,,0,True,Bot Messi,es,BotMessiLionel,False,F5F8FA,http://abs.twimg.com/sticky/default_profile_images/default_profile_normal.png,,953284536888152066,0,False,IFTTT,False,0
https://t.co/MqYPtrw0bk,2018-01-16 15:15:19,,und,,,6210,4079,Tout le savoir du monde sous une cagoule mal faite / Snapchat/Instagram/Twitch : copainduweb / Facebook : copain du web / MySpace : sandy valentino,,3437942549,2015-08-24 13:28:58,False,False,https://www.youtube.com/channel/UCelK-UQLyXKzFnus9IzuDCw,11,4037,False,-28800,202,False,Top 1 du web,fr,Copainduweb,False,000000,http://pbs.twimg.com/profile_images/919845069947097088/nMN9W57b_normal.jpg,Pacific Time (US & Canada),953284536481255424,0,False,Twitter Web Client,False,0
2018-1-17 0:15 Wed,2018-01-16 15:15:20,,und,,,5,974,,,937141636093526017,2017-12-03 02:09:12,False,False,,0,424,False,32400,464,True,sweet01,ko,sweet01a1,False,F5F8FA,http://abs.twimg.com/sticky/default_profile_images/default_profile_normal.png,Seoul,953284542135025668,0,False,twittbot.net,False,0
All thanks to @realDonaldTrump https://t.co/5gUT4AgPmU,2018-01-16 15:15:20,,en,,,7504,31952,"IG-nicholasram91 SC- nicholasram9
@ManUtd",Trinidad and Tobago,92819332,2009-11-26 19:30:51,False,False,,13,884,False,-18000,496,False,St.Nick_MUFC,en,nicholasram91,True,19A2E6,http://pbs.twimg.com/profile_images/951125760366075904/ggCaMUos_normal.jpg,Quito,953284541384413184,0,False,Twitter for Android,False,0
Asian SloppyTop BBC! @Tia_LingMommy @FootSniffah @FOOTLUSTBOY420 @toesucker101 #bbc #throated #cum #blowjob https://t.co/MZYEmsFe4Y,2018-01-16 15:15:20,,en,,,4133,2130,"STR8 Male: FEET-BJ-HJ-IR & Butts 
@JoeysFeetgirls @CrystinaRRossi @BadAssBeckyShow @loveiswithjjs
@candymaydaily","New York, NY",3116361039,2015-03-25 23:43:04,False,False,,11,813,False,,467,True,"Feet Flavors, Ent.",en,FeetFlavors,False,C0DEED,http://pbs.twimg.com/profile_images/943953698706911232/q3gqS-E__normal.jpg,,953284540184907776,0,False,Twitter for Android,False,0
https://t.co/ibJxnMmTXz,2018-01-16 15:33:52,,und,,,8612,11146,"a spiteful deity condemned to a world full of stupid boys.
I swear I'm a top.
Instagram: @h8male
SC: neonchild",not where I want to be,342405678,2011-07-25 23:41:31,False,False,http://www.sadfag420.tumblr.com,5,175,False,-21600,158,False,Fuck Sauce,en,sadfag420,False,FFFFFF,http://pbs.twimg.com/profile_images/950148962270547969/RHW8_MKs_normal.jpg,Central Time (US & Canada),953289204104089603,0,False,Twitter for Android,False,0
"OMG! You have to see this. #BIGOLIVE.  
https://t.co/ix9zBvNH4E https://t.co/5hP7mrq2uY",2018-01-16 15:33:52,,en,,,0,272,,,723378285862772736,2016-04-22 05:09:57,False,False,,0,2,False,,43,True,achong,en,saiqilah25,False,F5F8FA,http://abs.twimg.com/sticky/default_profile_images/default_profile_normal.png,,953289205047730177,0,False,BIGO LIVE,False,0
@SundiLionKing you still hate snow? https://t.co/BkPrUpOMsE,2018-01-16 15:33:51,,en,,,1476,1486,Streamer,inside your girl,2909125623,2014-12-07 11:55:00,False,False,,1,148,False,0,55,False,Zhipher,en-gb,ZipherI,False,000000,http://pbs.twimg.com/profile_images/934183053273870338/E7QEEwe4_normal.jpg,Dublin,953289202967465984,0,False,Twitter for iPhone,False,0
Salisu Yusuf hails Sunday Faleye impact despite toothless Nigeria display https://t.co/X2W4UFSgYa https://t.co/oefxxfCpAR,2018-01-16 15:33:52,,en,,,13238,711142,"Politics, sports and news. Failure is unimportant. It takes courage to make a fool of yourself. #Uniteblue #MUFC #Yankees #Broncos #liberal #progressive No DM's",Commonwealth of Pennsylvania,27003847,2009-03-27 13:34:24,False,False,,21,18692,False,-18000,13038,False,Dave Masters,en,davemasters,False,1A1B1F,http://pbs.twimg.com/profile_images/778544636834873344/KGDBrRMY_normal.jpg,Eastern Time (US & Canada),953289205278371842,0,False,dlvr.it,False,0
Question: what do you call the Pope's handlers who escort him &amp; orchestrate events for him on foreign visits? I'm w… https://t.co/JuEgQ8hu9T,2018-01-16 15:33:53,,en,,,5626,8531,Associate professor at USF. Author of *Boxcar Politics.* Currently writing about Conflict Graffiti. Tweets my own not necessarily views of employer.,florida,221833084,2010-12-01 18:55:26,False,False,https://drjohnlennon.wordpress.com/,28,795,False,-21600,1230,False,john lennon,en,hoboacademic,True,C0DEED,http://pbs.twimg.com/profile_images/1180271433/hoboimage_normal.jpg,Central Time (US & Canada),953289210030624768,0,False,Twitter Web Client,False,0
Wrap up warm guys...@bbcweather have put out an Amber weather warning for parts of Scotland. Plan your journeys and… https://t.co/xdrpokI0xN,2018-01-16 15:33:53,,en,,,259,5761,"#SRUC (#Scotland's Rural College) -  Land-Based Higher Education Institution, with campuses in #Aberdeen, #Ayr, #Edinburgh, #Elmwood, #Oatridge and #Barony.",Scotland,23573453,2009-03-10 09:21:39,False,False,http://www.sruc.ac.uk/study,75,2177,False,0,328,False,SRUC Students,en,SRUCStudents,True,EDECE9,http://pbs.twimg.com/profile_images/2659010598/06a85fa3c3e222cd1d6c66fdbad4b717_normal.jpeg,Edinburgh,953289209393176576,0,False,Twitter for iPhone,False,0
"Cuonzo Martin, the Fight for His Life and Why He Took the Job as Head Coach of Missouri https://t.co/FLGbdiaO05… https://t.co/gr62Mc0wYE",2018-01-16 15:33:53,,en,,,22,280817,We begin to see that our lack of success is within us and we begin to work on knowing ourselves better....,California,388440415,2011-10-10 19:04:34,False,False,http://18dmedia.com,38,25275,False,-28800,4123,False,18d.Media,en,18dMedia,True,EDECE9,http://pbs.twimg.com/profile_images/2744357128/b68d5855744ee19a324ffad2e86ebef3_normal.png,Pacific Time (US & Canada),953289209078427648,0,False,dlvr.it,False,0
https://t.co/IRtjeqpLvA,2018-01-16 15:33:54,,und,,,0,2,,,952895549203779584,2018-01-15 13:29:37,False,False,,0,4,False,,4,True,aiosh,en,aiosh59548574,False,F5F8FA,http://abs.twimg.com/sticky/default_profile_images/default_profile_normal.png,,953289213277097985,0,False,Twitter for iPhone,False,0
lvl 5 raid! Hatches at 09:33:22 (59m 28s). https://t.co/fQrSXOEgzM,2018-01-16 15:33:54,,en,,,0,17339,,"Fort Collins, CO",858898305983664128,2017-05-01 04:18:08,False,False,,1,57,False,,0,True,Pgancofortcollinsse,en,Pgancofortcolse,False,F5F8FA,http://pbs.twimg.com/profile_images/858898894259970050/QlZ5kDRj_normal.jpg,,953289214363357185,0,False,PGAN CO Front Range For Collins ,False,0
How I feel right now. South Texas freeze is in full swing. #SanAntonioweather #texasweather #Southtexasweather… https://t.co/l3PRg4S0Ke,2018-01-16 15:33:55,,en,,,64,3115,"entomologist geek, Star wars geek, adventurer , naturalist, and father . Follow my fan page at http://facebook.com/critterville",San Antonio,26956039,2009-03-27 05:16:09,False,False,http://www.edwardsaquifer.org/aquifer_education/aquifriends.php,33,1376,False,-21600,2280,False,John  Ramirez,en,georush,True,9AE4E8,http://pbs.twimg.com/profile_images/3099028945/f6fa2c0cd32e6b3997d68667615df40d_normal.jpeg,Central Time (US & Canada),953289217219624960,0,False,Twitter for iPhone,False,0
SHSHSHSHSSHISHISHSIHTI. https://t.co/CyR1KPEUIK,2018-01-16 15:33:55,,und,,,1859,8012,"hi, dan. if you're seeing this, i love you.",dan's baby girl,729968931822129152,2016-05-10 09:38:50,False,False,http://tr.im/hara,1,76,False,-28800,76,False,hara!,en,nemcsism,False,000000,http://pbs.twimg.com/profile_images/949964282019528704/wyzAid6U_normal.jpg,Pacific Time (US & Canada),953289218561736706,0,False,Twitter Web Client,False,0
"Shuru Ho Chuki Hain Jung 
#V #vs #OurFat 
#KismeKitnaHainDum 
#NewYearResolution2018 
#5kgWeightLoss… https://t.co/jXPw6OdN0h",2018-01-16 15:33:55,,hi,,,85,392,"Entertainment Bollywood and Celebrities TV TV Personalities Food, Fashion & Lifestyle Women & NGOs Food Fashion","Ahmadabad City, India",736242001746776065,2016-05-27 17:05:46,False,False,,0,245,False,,159,True,MYRJ Nimisha,en,MyRjNimisha,False,F5F8FA,http://pbs.twimg.com/profile_images/846355832111489024/6yhTkike_normal.jpg,,953289216661827585,0,False,Twitter for Android,False,0
My jam https://t.co/lgYRoC3plw,2018-01-16 15:33:56,,en,"Place(_api=None, id='e91dbe77698d02db', url='https://api.twitter.com/1.1/geo/id/e91dbe77698d02db.json', place_type='city', name='Sandakan', full_name='Sandakan, Sabah', country_code='MY', country='Malaysia', bounding_box=BoundingBox(_api=None, type='Polygon', coordinates=[[[117.608198, 5.495712], [117.608198, 6.069661], [118.335582, 6.069661], [118.335582, 5.495712]]]), attributes={})",,3212,49852,She protecc but she also attacc,Sabah,128804052,2010-04-02 06:59:14,False,False,http://Instagram.com/salwaawangakbar,2,735,False,28800,366,False,Amy Farrah Fowler,en,salwaawangakbar,True,000000,http://pbs.twimg.com/profile_images/952599826750828544/WGmClmvH_normal.jpg,Kuala Lumpur,953289222668009472,0,False,Twitter for iPhone,False,0
I know this verse by heart-- Ruth 1:16,2018-01-16 15:33:56,,en,,,5673,5868,my life is destined to dwell in God's name,island of misfit toys,3680398692,2015-09-25 10:29:44,False,False,,0,144,False,-28800,230,False,Mikaela Panti,en,mikaskywalker,True,DBE9ED,http://pbs.twimg.com/profile_images/950367627104239618/GxFogu0L_normal.jpg,Pacific Time (US & Canada),953289222898647041,0,False,Twitter for Android,False,0
:( https://t.co/hYWIJyeqmo,2018-01-16 15:33:57,,und,,,364,44797,,,4227231237,2015-11-19 15:48:08,False,False,,26,2693,False,-28800,307,True,M7,en,xmbm1_,True,C0DEED,http://pbs.twimg.com/profile_images/952981322338832384/IG7woS04_normal.jpg,Pacific Time (US & Canada),953289226111643648,0,False,Twitter for iPhone,False,0
Gained some from $GE and $XNET. Focused too much on $GE in the first 10 minutes. It wasn’t a great trade. Made some… https://t.co/jqDsiXYxlf,2018-01-16 15:33:56,,en,,,21,566,Electronics Engineer | Developer,"Toronto, Ontario",145692002,2010-05-19 16:43:28,False,False,,5,123,False,28800,254,False,Mark V,en,_imacmac,True,131516,http://pbs.twimg.com/profile_images/580983656199516160/YcIf2lsb_normal.jpg,Beijing,953289221049061376,0,False,Twitter for iPhone,False,0
Tartar di salmone con kiwi e salsa di soia https://t.co/NlDmjy529s,2018-01-16 15:33:56,,in,,,7,3,Cuoco/chef  federazione Italiana cuochi,"Recanati, Marche",953281745906012160,2018-01-16 15:04:14,False,False,,0,0,False,,7,True,Marco DOMENELLA,en,DomenellaMarco,False,F5F8FA,http://pbs.twimg.com/profile_images/953283649008521216/0qMf4a1B_normal.jpg,,953289221397151746,0,False,Twitter for Android,False,0
https://t.co/ut0S2xW4VX,2018-01-16 15:33:57,,und,,,1588,5856,Producer of original beach videos and photographs.,UK,3308341006,2015-06-04 15:13:37,False,False,http://clips4sale.com/90569,59,9116,False,0,263,True,Camcorderbikinibeach,en,cambikinibeach,False,C0DEED,http://pbs.twimg.com/profile_images/926860643730382849/bsQDuzgB_normal.jpg,UTC,953289225960648705,0,False,Twitter for Windows Phone,False,0
"#EuQMandoTwitter
Por favor coloca run do bts https://t.co/e7fy8qrLmV",2018-01-16 15:33:57,,en,,,181,9,,,819980163475709952,2017-01-13 18:51:20,False,False,,0,3,False,,40,False,kimberly rosa,pt,kimberly12227,False,000000,http://pbs.twimg.com/profile_images/870650490291355649/2tI7pugm_normal.jpg,,953289225604132864,0,False,Twitter for Android,False,0
@aajtak @SwetaSinghAT  https://t.co/ghlUHTz6x8,2018-01-16 15:33:57,,und,,,806,7916,,Bengaluru,30645186,2009-04-12 12:52:03,False,False,,0,39,False,,284,False,Shaik Mustafa,en,Mustafa1976,False,000000,http://pbs.twimg.com/profile_images/700712286789324800/shtKQ4St_normal.jpg,,953289225968865287,0,False,Twitter for Android,False,0
Xiaomi Redmi Note 5A gets MIUI 9 based on Android 7.1 https://t.co/VJ97GRUdXD https://t.co/wrlIOW5Pzh,2018-01-16 15:33:59,,en,,,62,5277,"You central source for all latest Tech, Gadgets, Android & iOS Phones, Tablets Astronomy related news, reviews & analysis.",Worldwide,1743147884,2013-09-07 08:01:44,False,False,http://www.thegadgetox.net/,40,1813,False,-28800,30,True,GadgetOx,en,GadgetOx,False,C0DEED,http://pbs.twimg.com/profile_images/685381381375963137/arwPGde5_normal.jpg,Pacific Time (US & Canada),953289233829163008,0,False,WordPress.com,False,0
Give these super easy @PerdueChicken fajitas a try. You won’t regret it! #Promotion #PerdueCrew -… https://t.co/oJqlW3IJaQ,2018-01-16 15:34:00,,en,,,6,746,,,1204828794,2013-02-21 13:42:47,False,False,,1,20,False,,329,True,Donna Melvin,en,KdogblingMelvin,False,C0DEED,http://abs.twimg.com/sticky/default_profile_images/default_profile_normal.png,,953289237771816961,0,False,SocialToaster,False,0
https://t.co/M3GgORNMiC,2018-01-16 15:34:00,,und,,,148,65,My simplicity is My strength,ENTEBBE ,3097762197,2015-03-19 21:58:49,False,False,,0,54,False,,261,True,Nakola Richard,en,nakolarichards,True,C0DEED,http://pbs.twimg.com/profile_images/925039660040163328/dDB40rpe_normal.jpg,,953289237998292993,0,False,Twitter for Android,False,0
Beautiful spot! https://t.co/IYB3WPMPFg,2018-01-16 15:34:00,,en,,,21046,13921,"Passionate teacher of students who failed to learn to read|Educator|Wife| Author ""Reversed. A Memoir"" Porn=Blocked. No DM","Troy, NY",2278152015,2014-01-13 02:28:07,False,False,,36,6092,False,,6685,True,Lois Letchford,en,LetchfordLois,True,C0DEED,http://pbs.twimg.com/profile_images/915273494308511745/zrdJAVXv_normal.jpg,,953289238895874048,0,False,Twitter Web Client,False,0
Ms. K you may want to try #DailyCalm it’s an amazing app.. great tools in “fixing” my “attention span” issues and t… https://t.co/9wgE93pvPp,2018-01-16 15:34:01,,en,,,12,59,,,4188932353,2015-11-10 09:34:00,False,False,,0,8,False,,18,True,Sawfie,en,villanug09,False,C0DEED,http://pbs.twimg.com/profile_images/711106066344357888/CK-uFJA3_normal.jpg,,953289242838425600,0,False,Twitter for iPhone,False,0
I Told You So: Trump Concedes Everything to Democrats on Illegal Immigration  -  https://t.co/YtMH8oywAw https://t.co/hpTDDVkV7L,2018-01-16 15:34:01,,en,,,10,697497,"#Vet,  #Internet Developer #Author, #Writer #Editor, #GLA.News #DaoDaily.News",USA,20987538,2009-02-16 14:10:18,False,False,http://www.DaoDaily.News,343,1243853,False,-25200,13204,False,Michael Canfield,en,michael_0000,False,022330,http://pbs.twimg.com/profile_images/785144934793752576/9gy2ip3U_normal.jpg,Arizona,953289243199201280,0,False,GLA News,False,0
"UltraCruz® Equine Appetite Booster is a balanced formula of microbials, prebiotics &amp; probiotics to helps stimulate… https://t.co/rxD702lFuz",2018-01-16 15:34:00,,en,,,260,9699,"Santa Cruz Animal Health is a supplier of animal health products, including its proprietary UltraCruz brand. #Facebook: http://fb.me/sanjuanranch","Dallas, TX",4668951313,2015-12-28 18:44:47,False,False,http://scahealth.com,51,5583,False,-28800,4230,True,SC Animal Health,en,SCA_Health,False,F5F8FA,http://pbs.twimg.com/profile_images/932629163088809984/U7H1nB2H_normal.jpg,Pacific Time (US & Canada),953289239466213376,0,False,TweetDeck,False,0
OMG https://t.co/TyL9pae4PA,2018-01-16 15:34:01,,und,,,123,220,Hi There.,beijing china,1925506124,2013-10-02 03:25:48,False,False,,0,93,False,,141,True,JessicaAaA,en,HuangJessicayao,True,C0DEED,http://pbs.twimg.com/profile_images/942795073594339328/jlQ4VBOL_normal.jpg,,953289242221793280,0,False,Twitter for iPhone,False,0
#NatureBond #Baby #Food #Feeder / #Fruit #Feeder #Pacifier (2 PCs) - #Infant #Teething Toy #Teether in #Appetite… https://t.co/w4kDRch32R,2018-01-16 15:34:01,,en,,,0,4911,"Looking for a gift for your baby or toddler? Buy Baby Gifts, Baby Clothing, Strollers, Car Seats, Toys and much more at our All4Babies online shop!","Jacksonville Beach, FL",781441904873463809,2016-09-29 10:34:03,False,False,,76,115,False,-21600,0,True,All4Babies,en,All4Babies1,False,F5F8FA,http://pbs.twimg.com/profile_images/781448659795927040/oJZ5Ndci_normal.jpg,Central America,953289242444054529,0,False,all4babies,False,0
Do you know where and how corrugated packaging started? #PackagingFacts #PackagingHistory #Infographic… https://t.co/VImGp4JJA8,2018-01-16 15:34:04,,en,,,384,2275,"Designing & manufacturing plain & printed quality cardboard packaging in the UK since 1986. Specialising in beverage, cosmetic & food sectors. Member of @SIBA01",Suffolk,2194091270,2013-11-14 12:22:11,False,False,http://www.saxonpackaging.co.uk,65,3015,False,0,1045,False,Saxon Packaging,en-gb,SaxonPackaging,True,606060,http://pbs.twimg.com/profile_images/902538159803813890/t-NRjvdg_normal.jpg,London,953289254020493313,0,False,Sprout Social,False,0
"@jellythebomb Hey there man!.. you there? Guess, what, you won!

Contact me ASAP!

@ShoutGamers
@vnmRts
@CalzhyRTs… https://t.co/BBbC2k2sgc",2018-01-16 15:34:04,,en,,,6534,9758,"Sponsored by @EEmerch_, Code 3rdWGamer for 15% discounts on all! Donate a dollar!: http://paypal.me/3rdWorldGamer
Check out my GIVEAWAYS!",Venezuela,457287428,2012-01-07 07:10:47,False,False,http://www.youtube.com/3rdWorldGamer,142,1758,False,-14400,1227,False,3rdWorldGamer,en,3rdWGamer,True,000000,http://pbs.twimg.com/profile_images/712854827433402368/1j25AYc9_normal.jpg,Caracas,953289255241109504,0,False,Twitter Web Client,False,0
EnDiSys builds and works with you for a better solution. https://t.co/IKA4jbJNzY,2018-01-16 15:34:05,,en,,,10,121,"Experts in Spray Foams & Coatings, Dispensing, Sanitary, and Line Striping equipment. A distributor of Graco components, engineered solutions, and tech support.","Minnesota, USA",1110144265,2013-01-21 21:44:49,False,False,https://www.endisys.com/,1,150,False,,117,False,EnDiSys,en,EnDiSys,False,0919AD,http://pbs.twimg.com/profile_images/606940548197269504/XNf8Gohz_normal.jpg,,953289258567168000,0,False,Buffer,False,0
"We all are friends, but not forever because in teen ages we friends after that we have lots of works, #marrige,… https://t.co/W6mIJtmp5K",2018-01-16 15:34:05,,en,,,121,33,Chairman Youth wing at pmln Narang mandi ...,"Punjab, Pakistan",848074740484976640,2017-04-01 07:29:09,False,False,,0,7,False,,72,False,Arssal Bajwa,en,ArssalB,False,000000,http://pbs.twimg.com/profile_images/951099668561387520/H2LbAvKt_normal.jpg,,953289258269315072,0,False,Twitter Web Client,False,0
@mattsdumb6  https://t.co/lscCXveUfF,2018-01-16 15:34:05,,und,,,5651,2032,sorry mom,"Ontario, Canada",1309304418,2013-03-28 03:41:36,False,False,,1,559,False,,254,True,marita,en,maritamatias,True,C0DEED,http://pbs.twimg.com/profile_images/950382910225502208/DmvNMmKk_normal.jpg,,953289259921817602,0,False,Twitter for iPhone,False,0
"2.BIODISC Menurunkan tekanan muka air, air terasa lebih nikmat meningkatkan asupan nutrisi sel tubuh #JFB  #SOCIALMEDIA",2018-01-16 15:34:06,,in,,,0,52804,@sinungwiloso1 Marketing Support to Biodisc TC Hub : Anto TC sms 08567979379 BB.329C791B info top up bonus @antotc6,Jakarta,1582401739,2013-07-10 06:27:40,False,False,http://gobiodisc.com,654,195,False,25200,9,False,followdonk,id,antotc17,False,C0DEED,http://pbs.twimg.com/profile_images/378800000185342667/9d9a63b619a4cb5261aa831b0f216fcd_normal.jpeg,Bangkok,953289264887865344,0,False,twittbot.net,False,0
big black sex videos erotic sexy art https://t.co/M0Tz0KygZA,2018-01-16 15:34:06,,en,,,0,4945,,,346899418,2011-08-02 00:39:05,False,False,,0,24,False,,3,True,Angela Ramirez,en,rymann11,False,C0DEED,http://pbs.twimg.com/profile_images/949173817494134784/yMnZDPfl_normal.jpg,,953289264665628674,0,False,Twitter Web Client,False,0
jungkook whAT THE FUCK BRO https://t.co/iHQVQ9TLnW,2018-01-16 15:34:07,,en,,,2202,7154,love this jungcook,,934056554688430080,2017-11-24 13:50:11,False,False,,6,157,False,,60,True,jennnnnnnnn,en,radicaljimin,False,F5F8FA,http://pbs.twimg.com/profile_images/953232894318731264/5JVCHL5f_normal.jpg,,953289268964737024,0,False,Twitter for iPhone,False,0
